id,mapping,mapping_period_ns,mapping_clock_source,operating_period_ns,clock_source,folder_period_ns,frequency_mhz,saif_status,saif_user_min_pct,saif_default_max_pct,saif_propagated_max_pct,internal_mw,switching_mw,dynamic_mw,leakage_mw,total_mw,energy_per_cycle_pj,cell_area,combinational_area,sequential_area,buf_inv_area,cells,combinational_cells,sequential_cells,buf_inv_cells,black_boxes,setup_slack_ns,setup_status,hold_slack_ns,hold_status,worst_path_arrival_ns,worst_path_required_ns,library_setup_adjustment_ns,startpoint,endpoint,path_group,clk_setup_tns_ns,clk_violating_paths,clk_logic_levels,notes,report_dir
1,baseline_sweep_0.9ns,0.9,dlx.sdc,1.428,dlx.sdc,1.428,700.280112044818,OK,100.0,0.0,0.0,15.200000000000001,3.41,18.61,0.707,19.317,27.584675999999998,33909.413454,19763.267959,14146.145494,1030.750004,21533.0,18378.0,3138.0,1742.0,0.0,0.06,MET,0.07,MET,1.32,1.39,-0.04,R_3139,R_2917,clk,0.0,0.0,28.0,,results\baseline_sweep_0.9ns\analysis_1.428ns
2,baseline_sweep_1.0ns,1.0,dlx.sdc,1.428,dlx.sdc,1.428,700.280112044818,OK,100.0,0.0,0.0,14.6,3.49,18.09,0.6859999999999999,18.776,26.812127999999998,32829.187505,19300.427989,13528.759517,1065.596004,21383.0,18366.0,3002.0,1813.0,0.0,0.07,MET,0.07,MET,1.32,1.39,-0.04,if_stage_inst/instruction_reg/reg_data_reg[31],R_1540,clk,0.0,0.0,25.0,,results\baseline_sweep_1.0ns\analysis_1.428ns
3,baseline_sweep_1.4ns,1.4,dlx.sdc,1.47,dlx.sdc,1.47,680.2721088435375,OK,100.0,0.0,0.0,14.8,3.3200000000000003,18.12,0.623,18.743000000000002,27.552210000000002,30656.233572,16393.580083,14262.653489,1154.174004,17747.0,14570.0,3167.0,1971.0,0.0,0.07,MET,0.06,MET,1.36,1.43,-0.04,R_4641,R_4258,clk,0.0,0.0,19.0,,results\baseline_sweep_1.4ns\analysis_1.470ns
4,baseline_sweep_1.5ns,1.5,dlx.sdc,1.575,dlx.sdc,1.575,634.9206349206349,OK,100.0,0.0,0.0,12.9,3.0500000000000003,15.950000000000001,0.598,16.548000000000002,26.063100000000002,29438.219608,15924.090093,13514.129515,1078.630005,17071.0,14065.0,3003.0,1854.0,0.0,0.08,MET,0.09,MET,1.47,1.54,-0.03,R_5215,R_4825,clk,0.0,0.0,26.0,,results\baseline_sweep_1.5ns\analysis_1.575ns
5,baseline_sweep_1.2ns,1.2,dlx.sdc,1.649,dlx.sdc,1.649,606.4281382656155,OK,100.0,0.0,0.0,12.3,2.98,15.280000000000001,0.65,15.930000000000001,26.268570000000004,31288.515551,18029.480021,13259.035531,1220.408005,19475.0,16522.0,2936.0,2078.0,0.0,0.08,MET,0.09,MET,1.53,1.61,-0.04,R_1081,R_157,clk,0.0,0.0,36.0,,results\baseline_sweep_1.2ns\analysis_1.649ns
6,baseline_sweep_1.6ns,1.6,dlx.sdc,1.68,dlx.sdc,1.68,595.2380952380953,OK,100.0,0.0,0.0,12.200000000000001,2.87,15.07,0.599,15.669,26.32392,29495.941612,15884.988101,13610.953511,1086.876006,17129.0,14101.0,3025.0,1915.0,0.0,0.08,MET,0.08,MET,1.57,1.65,-0.03,if_stage_inst/current_pc_reg/reg_data_reg[3],R_3120,clk,0.0,0.0,29.0,,results\baseline_sweep_1.6ns\analysis_1.680ns
7,clock_gated_w32_sweep_1.2ns,1.2,dlx.sdc,1.796,dlx.sdc,1.796,556.7928730512249,OK,100.0,0.0,0.0,4.84,3.0300000000000002,7.87,0.487,8.357,15.009172,24352.565643,12297.446053,12055.11959,765.016004,13558.0,10787.0,2684.0,1311.0,0.0,0.0,MET,0.05,MET,1.56,1.56,-0.03,id_stage_inst/rs2_addr_reg/reg_data_reg[2],if_stage_inst/pc_reg_inst/clk_gate_reg_data_reg/latch,clk,0.0,0.0,29.0,,results\clock_gated_w32_sweep_1.2ns\analysis_1.796ns
8,clock_gated_w32_sweep_1.6ns,1.6,dlx.sdc,1.817,dlx.sdc,1.817,550.3577325261421,OK,100.0,0.0,0.0,4.8,3.0300000000000002,7.83,0.484,8.314,15.106538,24211.585646,12155.402057,12056.183589,707.294002,13476.0,10710.0,2686.0,1177.0,0.0,0.0,MET,0.05,MET,1.6,1.6,-0.05,id_stage_inst/rs2_addr_reg/reg_data_reg[0],if_stage_inst/pc_reg_inst/clk_gate_reg_data_reg/latch,clk,0.0,0.0,32.0,,results\clock_gated_w32_sweep_1.6ns\analysis_1.817ns
9,clock_gated_w8_sweep_0.9ns,0.9,dlx.sdc,1.817,dlx.sdc,1.817,550.3577325261421,OK,100.0,0.0,0.0,4.8500000000000005,3.11,7.960000000000001,0.512,8.472000000000001,15.393624000000003,25547.171577,13500.82999,12046.341587,769.804003,14861.0,12103.0,2687.0,1316.0,0.0,0.0,MET,0.05,MET,1.58,1.58,-0.05,ex_stage_inst/rd_addr_reg/reg_data_reg[0],if_stage_inst/pc_reg_inst/clk_gate_reg_data_reg/latch,clk,0.0,0.0,32.0,,results\clock_gated_w8_sweep_0.9ns\analysis_1.817ns
10,clock_gated_w1_sweep_1.2ns,1.2,dlx.sdc,1.838,dlx.sdc,1.838,544.069640914037,OK,100.0,0.0,0.0,4.5600000000000005,2.88,7.44,0.482,7.922000000000001,14.560636000000002,24365.333642,12187.322052,12178.01159,743.736002,13475.0,10615.0,2736.0,1272.0,0.0,0.0,MET,0.05,MET,1.67,1.67,-0.03,id_stage_inst/rs2_addr_reg/reg_data_reg[3],if_stage_inst/pc_reg_inst/clk_gate_reg_data_reg/latch,clk,0.0,0.0,33.0,,results\clock_gated_w1_sweep_1.2ns\analysis_1.838ns
11,clock_gated_w1_sweep_1.0ns,1.0,dlx.sdc,1.859,dlx.sdc,1.859,537.9236148466917,OK,100.0,0.0,0.0,4.54,2.86,7.4,0.497,7.897,14.680523,24981.921603,12825.190013,12156.73159,771.134004,14319.0,11466.0,2732.0,1306.0,0.0,0.0,MET,0.05,MET,1.72,1.72,-0.03,id_stage_inst/rs2_addr_reg/reg_data_reg[1],if_stage_inst/pc_reg_inst/clk_gate_reg_data_reg/latch,clk,0.0,0.0,36.0,,results\clock_gated_w1_sweep_1.0ns\analysis_1.859ns
12,clock_gated_w8_sweep_1.0ns,1.0,dlx.sdc,1.859,dlx.sdc,1.859,537.9236148466917,OK,100.0,0.0,0.0,4.75,3.0100000000000002,7.76,0.507,8.267,15.368352999999999,25095.237606,12935.846026,12159.39158,784.168003,14252.0,11460.0,2715.0,1329.0,0.0,0.0,MET,0.05,MET,1.6,1.6,-0.05,id_stage_inst/rs2_addr_reg/reg_data_reg[3],if_stage_inst/pc_reg_inst/clk_gate_reg_data_reg/latch,clk,0.0,0.0,30.0,,results\clock_gated_w8_sweep_1.0ns\analysis_1.859ns
13,clock_gated_w1_sweep_0.9ns,0.9,dlx.sdc,1.869,dlx.sdc,1.869,535.0454788657036,OK,100.0,0.0,0.0,4.53,2.84,7.37,0.494,7.864,14.697816,24867.8076,12707.618011,12160.18959,717.136004,14012.0,11159.0,2733.0,1223.0,0.0,0.0,MET,0.05,MET,1.71,1.71,-0.05,id_stage_inst/rs2_addr_reg/reg_data_reg[3],if_stage_inst/pc_reg_inst/clk_gate_reg_data_reg/latch,clk,0.0,0.0,31.0,,results\clock_gated_w1_sweep_0.9ns\analysis_1.869ns
14,clock_gated_w1_sweep_1.6ns,1.6,dlx.sdc,1.88,dlx.sdc,1.88,531.9148936170213,OK,100.0,0.0,0.0,4.44,2.82,7.26,0.478,7.7379999999999995,14.547439999999998,24175.409642,12001.122053,12174.287589,663.138002,13429.0,10565.0,2737.0,1115.0,0.0,0.0,MET,0.05,MET,1.71,1.71,-0.05,mem_stage_inst/rd_addr_reg/reg_data_reg[1],if_stage_inst/pc_reg_inst/clk_gate_reg_data_reg/latch,clk,0.0,0.0,33.0,,results\clock_gated_w1_sweep_1.6ns\analysis_1.880ns
15,baseline_sweep_1.8ns,1.8,dlx.sdc,1.89,dlx.sdc,1.89,529.1005291005291,OK,100.0,0.0,0.0,10.6,2.49,13.09,0.583,13.673,25.84197,28964.739614,15672.188093,13292.551521,1054.158005,16944.0,13985.0,2956.0,1866.0,0.0,0.09,MET,0.06,MET,1.77,1.86,-0.03,R_1439,R_2277,clk,0.0,0.0,32.0,,results\baseline_sweep_1.8ns\analysis_1.890ns
16,clock_gated_w32_sweep_1.4ns,1.4,dlx.sdc,1.89,dlx.sdc,1.89,529.1005291005291,OK,100.0,0.0,0.0,4.63,2.89,7.52,0.485,8.004999999999999,15.129449999999997,24287.66164,12242.118052,12045.543588,726.978003,13463.0,10696.0,2685.0,1242.0,0.0,0.0,MET,0.05,MET,1.65,1.65,-0.05,ex_stage_inst/rd_addr_reg/reg_data_reg[0],if_stage_inst/pc_reg_inst/clk_gate_reg_data_reg/latch,clk,0.0,0.0,35.0,,results\clock_gated_w32_sweep_1.4ns\analysis_1.890ns
17,clock_gated_w32_sweep_1.8ns,1.8,dlx.sdc,1.89,dlx.sdc,1.89,529.1005291005291,OK,100.0,0.0,0.0,4.5600000000000005,2.87,7.430000000000001,0.471,7.901000000000001,14.93289,23850.889647,11839.660066,12011.229581,693.462003,13125.0,10379.0,2689.0,1183.0,0.0,0.0,MET,0.05,MET,1.62,1.62,-0.05,R_0,if_stage_inst/pc_reg_inst/clk_gate_reg_data_reg/latch,clk,0.0,0.0,30.0,,results\clock_gated_w32_sweep_1.8ns\analysis_1.890ns
18,clock_gated_w16_sweep_0.9ns,0.9,dlx.sdc,1.901,dlx.sdc,1.901,526.0389268805892,OK,100.0,0.0,0.0,4.63,2.9,7.529999999999999,0.504,8.033999999999999,15.272633999999998,25273.191563,13255.84398,12017.347582,769.538003,14741.0,11982.0,2687.0,1316.0,0.0,0.0,MET,0.05,MET,1.66,1.66,-0.05,if_stage_inst/instruction_reg/reg_data_reg[31],if_stage_inst/pc_reg_inst/clk_gate_reg_data_reg/latch,clk,0.0,0.0,33.0,,results\clock_gated_w16_sweep_0.9ns\analysis_1.901ns
19,clock_gated_w16_sweep_1.2ns,1.2,dlx.sdc,1.901,dlx.sdc,1.901,526.0389268805892,OK,100.0,0.0,0.0,4.59,2.85,7.4399999999999995,0.481,7.920999999999999,15.057820999999999,24208.393638,12164.978052,12043.415586,694.526003,13197.0,10438.0,2687.0,1168.0,0.0,0.0,MET,0.05,MET,1.7,1.7,-0.05,mem_stage_inst/rd_addr_reg/reg_data_reg[1],if_stage_inst/pc_reg_inst/clk_gate_reg_data_reg/latch,clk,0.0,0.0,34.0,,results\clock_gated_w16_sweep_1.2ns\analysis_1.901ns
20,clock_gated_w32_sweep_0.9ns,0.9,dlx.sdc,1.901,dlx.sdc,1.901,526.0389268805892,OK,100.0,0.0,0.0,4.63,2.89,7.52,0.529,8.049,15.301148999999999,25801.999546,13747.943953,12054.055593,752.780004,15501.0,12696.0,2683.0,1285.0,0.0,0.0,MET,0.05,MET,1.69,1.69,-0.05,id_stage_inst/rs2_addr_reg/reg_data_reg[0],if_stage_inst/pc_reg_inst/clk_gate_reg_data_reg/latch,clk,0.0,0.0,35.0,,results\clock_gated_w32_sweep_0.9ns\analysis_1.901ns
21,clock_gated_w32_sweep_1.0ns,1.0,dlx.sdc,1.901,dlx.sdc,1.901,526.0389268805892,OK,100.0,0.0,0.0,4.59,2.87,7.46,0.501,7.961,15.133861000000001,25047.623569,13038.787986,12008.835583,787.360004,14573.0,11823.0,2685.0,1320.0,0.0,0.0,MET,0.05,MET,1.67,1.67,-0.05,id_stage_inst/rs2_addr_reg/reg_data_reg[1],if_stage_inst/pc_reg_inst/clk_gate_reg_data_reg/latch,clk,0.0,0.0,32.0,,results\clock_gated_w32_sweep_1.0ns\analysis_1.901ns
22,clock_gated_w16_sweep_1.5ns,1.5,dlx.sdc,1.911,dlx.sdc,1.911,523.2862375719518,OK,100.0,0.0,0.0,4.53,2.86,7.390000000000001,0.483,7.873,15.045303,24117.155645,12029.318054,12087.837591,716.604001,13312.0,10514.0,2686.0,1169.0,0.0,0.0,MET,0.05,MET,1.66,1.66,-0.05,R_11,if_stage_inst/pc_reg_inst/clk_gate_reg_data_reg/latch,clk,0.0,0.0,31.0,,results\clock_gated_w16_sweep_1.5ns\analysis_1.911ns
23,clock_gated_w1_sweep_1.4ns,1.4,dlx.sdc,1.911,dlx.sdc,1.911,523.2862375719518,OK,100.0,0.0,0.0,4.36,2.7600000000000002,7.120000000000001,0.478,7.598000000000001,14.519778000000002,24131.253646,11961.754056,12169.49959,654.892002,13415.0,10555.0,2734.0,1105.0,0.0,0.0,MET,0.05,MET,1.74,1.74,-0.05,id_stage_inst/rs2_addr_reg/reg_data_reg[0],if_stage_inst/pc_reg_inst/clk_gate_reg_data_reg/latch,clk,0.0,0.0,36.0,,results\clock_gated_w1_sweep_1.4ns\analysis_1.911ns
24,clock_gated_w1_sweep_1.8ns,1.8,dlx.sdc,1.911,dlx.sdc,1.911,523.2862375719518,OK,100.0,0.0,0.0,4.38,2.79,7.17,0.476,7.646,14.611506,24146.149643,11987.024054,12159.125589,657.552002,13345.0,10497.0,2734.0,1100.0,0.0,0.0,MET,0.05,MET,1.7,1.7,-0.05,ex_stage_inst/rd_addr_reg/reg_data_reg[4],if_stage_inst/pc_reg_inst/clk_gate_reg_data_reg/latch,clk,0.0,0.0,36.0,,results\clock_gated_w1_sweep_1.8ns\analysis_1.911ns
25,clock_gated_w8_sweep_1.2ns,1.2,dlx.sdc,1.911,dlx.sdc,1.911,523.2862375719518,OK,100.0,0.0,0.0,4.51,2.86,7.369999999999999,0.487,7.856999999999999,15.014726999999999,24513.495626,12474.07004,12039.425586,709.688003,13665.0,10902.0,2687.0,1213.0,0.0,0.0,MET,0.05,MET,1.66,1.66,-0.05,id_stage_inst/rs2_addr_reg/reg_data_reg[2],if_stage_inst/pc_reg_inst/clk_gate_reg_data_reg/latch,clk,0.0,0.0,34.0,,results\clock_gated_w8_sweep_1.2ns\analysis_1.911ns
26,clock_gated_w8_sweep_1.4ns,1.4,dlx.sdc,1.911,dlx.sdc,1.911,523.2862375719518,OK,100.0,0.0,0.0,4.46,2.86,7.32,0.475,7.795,14.896245,24070.871641,12075.33606,11995.535581,668.990002,13379.0,10624.0,2685.0,1143.0,0.0,0.0,MET,0.05,MET,1.67,1.67,-0.05,R_3,if_stage_inst/pc_reg_inst/clk_gate_reg_data_reg/latch,clk,0.0,0.0,32.0,,results\clock_gated_w8_sweep_1.4ns\analysis_1.911ns
27,clock_gated_w16_sweep_1.0ns,1.0,dlx.sdc,1.932,dlx.sdc,1.932,517.5983436853003,OK,100.0,0.0,0.0,4.55,2.83,7.38,0.497,7.877,15.218364,24800.243608,12793.270025,12006.973583,795.074003,14064.0,11309.0,2685.0,1351.0,0.0,0.0,MET,0.05,MET,1.71,1.71,-0.05,id_stage_inst/rs2_addr_reg/reg_data_reg[2],if_stage_inst/pc_reg_inst/clk_gate_reg_data_reg/latch,clk,0.0,0.0,36.0,,results\clock_gated_w16_sweep_1.0ns\analysis_1.932ns
28,clock_gated_w16_sweep_1.8ns,1.8,dlx.sdc,1.943,dlx.sdc,1.943,514.668039114771,OK,100.0,0.0,0.0,4.46,2.82,7.279999999999999,0.477,7.757,15.071851,24027.779645,12019.74206,12008.037585,706.496001,13323.0,10579.0,2683.0,1166.0,0.0,0.0,MET,0.05,MET,1.67,1.67,-0.05,R_7,if_stage_inst/pc_reg_inst/clk_gate_reg_data_reg/latch,clk,0.0,0.0,34.0,,results\clock_gated_w16_sweep_1.8ns\analysis_1.943ns
29,clock_gated_w1_sweep_1.5ns,1.5,dlx.sdc,1.943,dlx.sdc,1.943,514.668039114771,OK,100.0,0.0,0.0,4.3,2.71,7.01,0.475,7.484999999999999,14.543355,24045.867646,11844.714056,12201.15359,674.044002,13218.0,10349.0,2740.0,1139.0,0.0,0.0,MET,0.05,MET,1.78,1.78,-0.03,ex_stage_inst/rd_addr_reg/reg_data_reg[1],if_stage_inst/pc_reg_inst/clk_gate_reg_data_reg/latch,clk,0.0,0.0,35.0,,results\clock_gated_w1_sweep_1.5ns\analysis_1.943ns
30,clock_gated_w32_sweep_1.5ns,1.5,dlx.sdc,1.943,dlx.sdc,1.943,514.668039114771,OK,100.0,0.0,0.0,4.54,2.81,7.35,0.474,7.824,15.202032,24009.691639,11830.616057,12179.075582,673.512002,13104.0,10307.0,2716.0,1130.0,0.0,0.0,MET,0.05,MET,1.66,1.66,-0.05,id_stage_inst/rs1_addr_reg/reg_data_reg[4],if_stage_inst/pc_reg_inst/clk_gate_reg_data_reg/latch,clk,0.0,0.0,31.0,,results\clock_gated_w32_sweep_1.5ns\analysis_1.943ns
31,clock_gated_w8_sweep_1.6ns,1.6,dlx.sdc,1.953,dlx.sdc,1.953,512.0327700972862,OK,100.0,0.0,0.0,4.38,2.83,7.21,0.477,7.687,15.012711000000001,24001.711651,11964.680064,12037.031586,685.216002,13253.0,10498.0,2686.0,1137.0,0.0,0.0,MET,0.05,MET,1.7,1.7,-0.05,ex_stage_inst/rd_addr_reg/reg_data_reg[2],if_stage_inst/pc_reg_inst/clk_gate_reg_data_reg/latch,clk,0.0,0.0,34.0,,results\clock_gated_w8_sweep_1.6ns\analysis_1.953ns
32,clock_gated_w16_sweep_1.6ns,1.6,dlx.sdc,1.974,dlx.sdc,1.974,506.5856129685917,OK,100.0,0.0,0.0,4.38,2.7800000000000002,7.16,0.477,7.6370000000000005,15.075438,23987.613635,11960.690051,12026.923585,678.300003,13199.0,10448.0,2685.0,1144.0,0.0,0.0,MET,0.05,MET,1.68,1.68,-0.03,id_stage_inst/rs2_addr_reg/reg_data_reg[3],if_stage_inst/pc_reg_inst/clk_gate_reg_data_reg/latch,clk,0.0,0.0,36.0,,results\clock_gated_w16_sweep_1.6ns\analysis_1.974ns
33,clock_gated_w16_sweep_1.4ns,1.4,dlx.sdc,2.027,dlx.sdc,2.027,493.33991119881597,OK,100.0,0.0,0.0,4.26,2.67,6.93,0.481,7.411,15.022097,24165.035635,12140.50605,12024.529584,684.418003,13433.0,10678.0,2685.0,1153.0,0.0,0.0,MET,0.05,MET,1.77,1.77,-0.03,id_stage_inst/rs2_addr_reg/reg_data_reg[0],if_stage_inst/pc_reg_inst/clk_gate_reg_data_reg/latch,clk,0.0,0.0,37.0,,results\clock_gated_w16_sweep_1.4ns\analysis_2.027ns
34,clock_gated_w8_sweep_1.5ns,1.5,dlx.sdc,2.048,dlx.sdc,2.048,488.28125,OK,100.0,0.0,0.0,4.13,2.65,6.779999999999999,0.47,7.249999999999999,14.847999999999999,23883.873628,11868.388044,12015.485584,661.542002,13190.0,10438.0,2685.0,1116.0,0.0,0.0,MET,0.05,MET,1.74,1.74,-0.05,R_3,if_stage_inst/pc_reg_inst/clk_gate_reg_data_reg/latch,clk,0.0,0.0,35.0,,results\clock_gated_w8_sweep_1.5ns\analysis_2.048ns
35,clock_gated_w8_sweep_1.8ns,1.8,dlx.sdc,2.048,dlx.sdc,2.048,488.28125,OK,100.0,0.0,0.0,4.13,2.65,6.779999999999999,0.474,7.254,14.856192,23967.131648,11950.582065,12016.549584,620.844003,13133.0,10380.0,2686.0,1019.0,0.0,0.0,MET,0.05,MET,1.71,1.71,-0.05,ex_stage_inst/rd_addr_reg/reg_data_reg[1],if_stage_inst/pc_reg_inst/clk_gate_reg_data_reg/latch,clk,0.0,0.0,39.0,,results\clock_gated_w8_sweep_1.8ns\analysis_2.048ns
